, --,Nombre común,Clase,Otros_nombres,Nombre_cientifico,Familia,Fuente,,Estatus,,Codigo_Estatus,Origen,En Zarauz,
,1,Abedul,Arbusto,Hierba de San Juan,Hypericum patulum,Hypericaceae,Referencia,https://colombia.inaturalist.org/taxa/52761-Hypericum,,,Cultivada,O Europa,,
,2,Abutilón,Arbusto,Farolito,Callianthe striata,Malvaceae,Referencia,https://colombia.inaturalist.org/taxa/204230-Abutilon-pictum,,,Cultivada,Brasil,,
,3,Abutilón farolito,Arbusto,,Callianthe vexillarium,Malvaceae,Referencia,https://nombrescomunes.jbb.gov.co/site/cientifico?q=Callianthe+vexillarium,,,Cultivada,Argentina. Brasil y Uruguay,,
,4,Abutilón rojo,Arbusto,Campanita,Abutilón insigne Planch,Malvaceae,Referencia,https://colombia.inaturalist.org/taxa/534846-Abutilon-insigne,,,Cultivada,Andes,,
,5,Abutilón variegado,Arbusto,,Calliante Straiata– Thompsonii,Malvaceae,Referencia,https://www.guiaverde.com/guia-de-plantas/abutilon-pictum--thompsonii--29/,,,Cultivada,Brasil,,
,6,Acacia cognata,Arbusto,Acacia australiana,Acacia cognata,Fabaceae,Referencia,https://ecuador.inaturalist.org/taxa/424657-Acacia-cognata,,,Cultivada,Australia,,
,7,Acacia japonesa,Árbol,,Acacia melanoxylon R. Brown,Mimosaceae,Referencia,https://catalogofloravalleaburra.eia.edu.co/species/251,,,Cultivada e invasora,Australia,,
,8,Acacia melaleuca,Arbusto,,Acacia verticillata ssp. ruscifolia,Fabaceae,Referencia,https://spain.inaturalist.org/taxa/564181-Acacia-verticillata-ruscifolia,,,Naturalizada,Australia,,
,9,Acacia morada,Árbol,,Acacia baileyana,Fabaceae,Referencia,https://es.wikipedia.org/wiki/Acacia_baileyana,,,Cultivada e invasora,Australia,,
,10,Acacia negra,Árbol,Acacia japonesa,Acacia decurrens,Fabaceae,Referencia,https://www.car.gov.co/uploads/files/5bd8b917bae46.pdf,,,Cultivada e invasora,Australia,,
,11,Acacia perla,Arbusto,,Acacia podalyriifolia,Fabaceae,Referencia,https://ecuador.inaturalist.org/taxa/75252-Acacia-podalyriifolia,,,Cultivada,Australia,,
,12,Acanto,Hierba,,Acanthus mollis,Acanthaceae,Referencia,https://identify.plantnet.org/es/the-plant-list/species/Acanthus%20mollis%20L./data,,,Cultivada,Mediterráneo,,
,13,Acederilla,Hierba,,Oxalis corniculata,Oxalidaceae,Referencia,http://www.conabio.gob.mx/malezasdemexico/oxalidaceae/oxalis-corniculata/fichas/ficha.htm,,,Naturalizada,Subcosmopolita,,
,14,Acelga,Hierba,,Beta vulgaris,Amaranthaceae,Referencia,https://colombia.inaturalist.org/taxa/54498-Beta-vulgaris,,,Cultivada,Europa,,
,15,Achira,Hierba,,Canna indica,Cannaceae,Referencia,https://agronegocios.uniandes.edu.co/2021/09/conociendo-la-planta-de-achira/,,,Nativa,"Andes, Amazonia, E.U., Antillas, Argentina",,EP
,16,Aeonium,Suculenta,,Aeonium kiwi,Crassulaceae,Referencia,https://succulentavenue.com/aeonium-kiwi-guia-de-cuidados/,,,Cultivada,Islas Canarias,,
,17,Afelandra,Hierba,Planta cebra,Aphelandra squarrosa,Acanthaceae,Referencia,https://colombia.inaturalist.org/taxa/322316-Aphelandra-squarrosa,,,Cultivada,Brasil,,
,18,Agapanto,Hierba,,Agapanthus praecox,Amaryllidaceae,Referencia,https://colombia.inaturalist.org/taxa/325633-Agapanthus-praecox-praecox,,,Cultivada,Suráfrica,,
,19,Agapanto blanco,Hierba,,Agapanthus africanus 'Albus',Amaryllidaceae,Referencia,"https://www.guiaverde.com/guia-de-plantas/agapanthus-africanus-albus-2679/#:~:text=Nombre%20común%3A%20Flor%20de%20amor,Agapanto%20blanco%2C%20Lirio%20africano%20blanco.",,,Cultivada,Suráfrica,,
,20,Agave ,Hierba,,Agave attenuata,Asparagaceae,Referencia,https://www.agromatica.es/agave-attenuata/,,,Cultivada,México,,
,21,Aguacate,Árbol,,Persea americana,Lauraceae,Referencia,https://colombia.inaturalist.org/taxa/62831-Persea-americana,,,Cultivada,Centroamérica,,C5
,22,Aguadulce,"Arbusto, arbusto, árbol",,Palicourea angustifolia,Rubiaceae,Referencia,https://colombia.inaturalist.org/taxa/127037-Vernonia-gigantea,,,Nativa,Centroamérica a Perú,,
,23,Ají ,"Arbusto, trepadora",Ají cristal,Capsicum pubenscens,Solanaceae,Referencia,https://es.wikipedia.org/wiki/Capsicum_pubescens,,,Nativa,Colombia a Bolivia,,
,24,Albahaca,Hierba aromática,,Ocimum basiliscum,Lamiaceae,Referencia,https://es.wikipedia.org/wiki/Ocimum_basilicum,,,Nativa,América,,
,25,Alcaparro,Árbol,,Senna viarum,Fabaceae,Referencia,https://colombia.inaturalist.org/taxa/509218-Senna-viarum,,,Nativa,"Colombia, Ecuador",,
,26,Alcaparro enano,Arbusto,Alcaparrito,Senna multiglandulosa,Fabaceae,Referencia,https://nombrescomunes.jbb.gov.co/site/cientifico?q=Senna+multiglandulosa,,,Nativa,México a Bolivia,,
,27,Algodoncillo,Arbusto,Algodoncillo tropical,Asclepias curassavica,Asclepiadoideae,Referencia,https://colombia.inaturalist.org/taxa/75602-Asclepias-curassavica,,,Nativa,E.U a Argentins,,
,28,Aliso,Árbol,Chaquiro,Alnus acuminata Kunth,Betulaceae,Referencia,https://colombia.inaturalist.org/taxa/189148-Alnus-acuminata,,,Nativa,México a Argentina,,
,29,Aloe de roca,Suculenta,,Aloe brevifolia,Asphodelaceae,Referencia,https://clubsuculentas.com/asphodeloideae/aloe/aloe-brevifolia/,,,Cultivada,Sudáfrica,,
,30,Aloe manchado,Suculenta,,Aloe maculata,Asphodelaceae,Referencia,https://clubsuculentas.com/asphodeloideae/aloe/aloe-maculata/,,,Cultivada,Sudáfrica,,
,31,Aloe trepador,Suculenta,,Aloiampelos ciliaris,Asphodelaceae,Referencia,https://clubsuculentas.com/asphodeloideae/aloe/aloe-ciliaris-trepador/,,,Cultivada,Sudáfrica,,
,32,Alpinia,Hierba,Lágrimas de San Juan,Alpinia zerumbet Pers.,Zingiberaceae,Referencia,https://colombia.inaturalist.org/taxa/154776-Alpinia-zerumbet,,,Cultivada,China y Japón,,C3
,33,Amapola silvestre,Hierba,Amapola común,Papaver rhoeas,Papaveraceae,Referencia,https://colombia.inaturalist.org/taxa/54404-Papaver-rhoeas,,,Cultivada,Europa y Asia,,
,34,Amaranto rojo,Hierba,,Iresine diffusa f. herbstii,Amaranthaceae,Referencia,https://colombia.inaturalist.org/taxa/914138-Iresine-diffusa-herbstii,,,Nativa,Neotrópico,,
,35,Amarrabollo,Árbol,,Merania nobilis Triana,Melastomataceae,Referencia,https://identify.plantnet.org/es/the-plant-list/species/Meriania%20nobilis%20Triana/data,,,Nativa,Andes,,
,36,Anís,"Hierba, aromática",,Tagetes lucida,Asteraceae,Referencia,https://es.wikipedia.org/wiki/Tagetes_lucida,,,Cultivada,México y Guatemala,,
,37,Anturio ,Hierba,,Anthurium andraeanum,Araceae,Referencia,https://colombia.inaturalist.org/taxa/69235-Anthurium-andraeanum,,,Nativa,"Colombia, Ecuador ",,
,38,Aralia,Arbusto,fFatsia,Fatsia japonica,Araliaceae,Referencia,https://www.citysens.com/es/comprar-plantas-temporada/316-fatsia-japonica-aralia.html,,,Cultivada,Japón,,
,39,Arándano azul,Arbusto,,Vaccinium corymbosum,Ericaceae,Referencia,https://nombrescomunes.jbb.gov.co/site/cientifico?q=vaccinium,,,Nativa,"Colombia, Perú",,
,40,Arboloco,Árbol,,Smallanthus pyramidalis,Asteraeae,Referencia,https://identify.plantnet.org/es/the-plant-list/species/Smallanthus%20pyramidalis%20(Triana)%20H.Rob./data,,,Nativa,"Coloimbia, Venezuela, Ecuador",,
,41,Arcángel amarillo,Hierba,,Lamium galeobdolon,Lamiaceae,Referencia,http://www.consultaplantas.com/index.php/es/fichas-de-plantas-de-la-d-a-la-l/849-koelreuteria-paniculata-jabonero-chino-sapindal.html,,,Cultivada,Eurasia,,C3
,42,Aretillo,Arbusto,Aretillo suramericano,Fuchsia magellanica,Onagraceae,Referencia,https://colombia.inaturalist.org/taxa/163112-Fuchsia-magellanica,,,Naturalizada,"Chile, Argentina",,E1
,43,Arrayán,Arbusto,,Myrcia cucullata,Myrtaceae,Referencia,https://nombrescomunes.jbb.gov.co/site/cientifico?q=Myrcia+cucullata,,,Endémica,Colombia (cordillera oriental),,
,44,Arrayán blanco,Árbol,Arrayán común,Myrcianthes leucoxyla,Myrtaceae,Referencia,https://catalogofloravalleaburra.eia.edu.co/species/259,,,Nativa,"Colombia, Venezuela",,
,45,Arrayán guayabo,Árbol,,Syzygium polyanthum,Myrtaceae,Referencia,https://colombia.inaturalist.org/taxa/199425-Syzygium-polyanthum,,,Nativa,"Colombia, Perú",,
,46,Arrayán negro,Arbusto,,Myrcianthes rhopaloides,Myrtaceae,Referencia,https://colombia.inaturalist.org/taxa/542055-Myrcianthes-rhopaloides,,,Nativa,Colombia a Bolivia,,
,47,Ave del paraíso,Hierba,,Strelitzia reginae,Strelitziaceae,Referencia,https://ecuador.inaturalist.org/taxa/49143-Strelitzia-reginae,,,Cultivada,Suráfrica,,
,48,Azalea,Arbusto,,Rhododendron simsii,Ericaceae,Referencia,https://colombia.inaturalist.org/taxa/410380-Rhododendron-simsii,,,Cultivada,China,,
,49,Azucena blanca,Hierba,,Lilium candidum,Liliaceae,Referencia,https://colombia.inaturalist.org/taxa/223666-Lilium-candidum,,,Cultivada,"Siria, Palestina",,
,50,Balazo,"Hierba, trepadora",,Monstera deliciosa,Araceae,Referencia,https://colombia.inaturalist.org/taxa/122521-Monstera-deliciosa,,,Cultivada,México a Costa Rica,,
,51,Bálsamo azul,Suculenta,Senecio azul,Curio repens,Asteraceae,Referencia,https://es.wikipedia.org/wiki/Curio_repens,,,Cultivada,Suráfrica,,
,52,Barba de viejo,"Hierba, epìfita, terrestre",Musgo español,Tillandsia usneoides,Bromeliaceae,Referencia,https://colombia.inaturalist.org/taxa/49569-Tillandsia-usneoides,,,Nativa,América tropical,,
,53,Begonia,Hierba,,Begonia multinervia,Begoniaceae,Referencia,https://colombia.inaturalist.org/taxa/1039469-Begonia-minor,,,Cultivada,Jamaica,,
,54,Bellahelena gigante,Hierba,China gigante,Impatiens sodenii,Balsaminaceae,Referencia,https://identify.plantnet.org/es/the-plant-list/species/Impatiens%20sodenii%20Engl.%20%26%20Warb./data,,,Cultivada,"Kenya, Tanzania",,
,55,Bellahelena guinea,Hierba,Guinea,Impatiens walleriana,Balsaminaceae,Referencia,https://colombia.inaturalist.org/taxa/68185-Impatiens-walleriana,,,Cultivada,O Africa,,
,56,Bifrenaria,Orquídea,,Bifrenaria aureofulva,Orchidaceae,Referencia,https://colombia.inaturalist.org/taxa/1007103-Bifrenaria-aureofulva,,,Cultivada,Brasil,,
,57,Boca de dragón,Hierba,,Antirrhinum majus ,Plantaginaceae,Referencia,https://colplanta.org/taxon/urn:lsid:ipni.org:names:799180-1,,,Cultivada,Europa,,
,58,Boj,Arbusto,"Buxus, siempreviva",Buxus microphylla,Buxaceae,Referencia,https://colombia.inaturalist.org/taxa/208757-Buxus-microphylla,,,Cultivada,Japón,,
,59,Boldo,"Hierba, aromática",Acetaminofén,Peunus boldus,Monimiaceae,Referencia,https://es.wikipedia.org/wiki/Peumus_boldus,,,Cultivada,Chile ,,
,60,Borrachero amarillo,Árbol,,Brugmansia suaveolens,Solanaceae,Referencia,https://colombia.inaturalist.org/taxa/189941-Brugmansia-aurea,,,Cultivada,Brasil,,
,61,Borrachero blanco,Árbol,Tihiqui,Brugmansia candida,Solanaceae,Referencia,https://identify.plantnet.org/es/the-plant-list/species/Brugmansia%20%C3%97%20candida%20Pers./data,,,Nativa,"Venezuela, Colombia, Ecuador",,
,62,Botón de oro,Arbusto,,Tithonia diversifolia,Asteraceae,Referencia,https://colombia.inaturalist.org/taxa/132451-Tithonia-diversifoliaa,,,Cultivada,Centroamérica,,
,63,Brevo,Arbusto,Higo,Ficus carica,Moraceae,Referencia,https://colombia.inaturalist.org/taxa/60218-Ficus-carica,,,Cultivada,"Asia menor, Mediterráneo",,
,64,Brillantina,Arbusto,Coprosma,Coprosma repens,Rubiaceae,Referencia,https://colombia.inaturalist.org/taxa/76435-Coprosma-repens,,,Cultivada,"Australia, Nueva Zelanda",,
,65,Brunisia,"Hierba, trepadora",,Brunnichia ovata,Polygonaceae,Referencia,https://ecuador.inaturalist.org/taxa/159495-Brunnichia-ovata,,,Cultivada,Estados Unidos,,
,66,Buganvil,"Arbusto, trepadora, liana","Veranera
Buganvilia",Bougainvillea glabra,Nyctaginaceae,Referencia,https://colombia.inaturalist.org/taxa/159346-Bougainvillea-glabra,,,Nativa,Suramérica,,
,67,Caballero de la noche,Arbusto,,Cestrum nocturnum,Solanaceae,Referencia,https://colombia.inaturalist.org/taxa/76225-Cestrum-nocturnum,,,Naturalizada,Subcosmopolita,,
,68,Cachimba,Hierba,Begonia real,Begonia heracleifolia,Begoniaceae,Referencia,https://www.naturalista.mx/taxa/179421-Begonia-heracleifolia,,,Cultivada,México y Centroamérica,,
,69,Café,Arbusto,,Coffea arabica,Rubiaceae,Referencia,https://es.wikipedia.org/wiki/Coffea_arabica,,,Cultivada,Etiopía,,
,70,Café de páramo,Arbusto,,Psychotria boqueronensis,Rubiaceae,Referencia,https://colombia.inaturalist.org/taxa/553044-Psychotria-boqueronensis,,,Endémica,Colombia-Andes,,
,71,Cajeto,Árbol,"Caregato
Garagay, Uruapo",Citharexylum subflavescens,Verbenaceae,Referencia,https://colombia.inaturalist.org/taxa/549205-Citharexylum-subflavescens,,,Nativa,"Colombia, Ecuador, Perú, Venezuela",,
,72,Calabaza,Hierba,Calabacita china,Benincasa hispida,Cucurbitaceae,Referencia,https://colombia.inaturalist.org/taxa/283076-Benincasa-hispida,,,Cultivada,China,,
,73,Calanchoe,Suculenta,Oreja de ratón,Kalanchoe blossfeldiana,Crassulaceae,Referencia,https://colombia.inaturalist.org/taxa/164326-Kalanchoe-blossfeldiana,,,Cultivada,Madagascar,,
,74,Calanchoe de Madagascar,Suculenta,,Kalanchoe fedtschenkoi,Crassulaceae,Referencia,https://colombia.inaturalist.org/taxa/164329-Kalanchoe-fedtschenkoi,,,Cultivada,Madagascar,,
,75,Calea,Arbusto,Pasto amargo,Calea zacatechichi,Asteraceae,Referencia,https://es.wikipedia.org/wiki/Calea_zacatechichi,,,Cultivada,"México, Centroamérica",,
,76,Calistemo,Árbol,Eucalipto calistemo,Callistemon viminalis,"Myrtaceae,",Referencia,http://www.consultaplantas.com/index.php/es/plantas-por-nombre/plantas-de-la-a-a-la-c/1549-cuidados-de-la-planta-callistemon-viminalis-o-limpiatubos-lloron,,,Cultivada,Australia,,"C5
C4
L"
,77,Calistemo rojo,Arbusto,,Melaleuca citrina,Myrtaceae,Referencia,https://en.wikipedia.org/wiki/Melaleuca_citrina,,,Cultivada,Australia,,
,78,Camándula,Hierba,,Curio rowleyanus,Asteraceae,Referencia,https://sembramos.com.co/planta-camandula-bolitas-colgantes.html,,,Cultivada,África,,
,79,Camelia,Arbusto,,Camellia japonica,Theaceae,Referencia,https://colombia.inaturalist.org/taxa/83056-Camellia-japonica,,,Cultivada,E Asia,,
,80,Campanas de catedral,Hierba,Campana morada,Cobaea scandens,Poaceae,Referencia,https://colombia.inaturalist.org/guide_taxa/1035055,,,Cultivada,México,,
,81,Campanita rosa,Hierba,Cantaritos,Penstemon hartwegii,Plantaginaceae,Referencia,https://colombia.inaturalist.org/taxa/282931-Penstemon-hartwegii/browse_photos,,,Cultivada,México,,
,82,Cananga,Arbusto ,,Lonicera japonica,Caprifoliaceae,Referencia,https://identify.plantnet.org/es/the-plant-list/species/Lonicera%20japonica%20Thunb./data,,,Cultivada,"China, Japón",,
,83,Canelón,Hierba,Canelo,Peperomia subspathulata Yunck.,Piperaceae,Referencia,https://colombia.inaturalist.org/taxa/548698-Peperomia-subspathulata,,,Nativa,Andes,,
,84,Cansabrazos,Arbusto,,Galianthe bogotensis,Rubiaceae,Referencia,https://ecuador.inaturalist.org/taxa/548158-Galianthe-bogotensis/browse_photos,,,Endémica,Colombia - Andes,,S4
,85,Cantio,Arbusto,,Canthium spinosum,Rubiaceae,Referencia,https://colombia.inaturalist.org/taxa/581727-Canthium-spinosum,,,Cultivada,Suráfrica,,
,86,Cantueso,Arbusto,"Cantueso largo
Lavanda",Lavandula stoechas,Lamiaceae,Referencia,https://es.wikipedia.org/wiki/Lavandula_stoechas,,,Cultivada,Mediterráneo,,
,87,Caracola,Hierba,"Iresine
Púrpura peruana",Iresine herbstii,Amaranthaceae,Referencia,https://colombia.inaturalist.org/taxa/914138-Iresine-diffusa-herbstii,,,Cultivada,Pantropical,,
,88,Carbonero rojo,Arbusto,,Calliandra haematocephala ,Fabaceae,Referencia,https://identify.plantnet.org/es/the-plant-list/species/Calliandra%20haematocephala%20Hassk./data,,,Cultivada,Bolivia,,
,89,Carretón,Hierba,"Trébol
Trébol blanco",Trifolium repens,Fabaceae,Referencia,https://colombia.inaturalist.org/taxa/55745-Trifolium-repens,,,Cultivada,"Europa, África",,
,90,Carretón rosado,Hierba,"Trébol rojo
Trébol violeta",Trifolium pratense,Fabaceae,Referencia,https://colombia.inaturalist.org/taxa/51875-Trifolium-pratense,,,Cultivada,Eurasia,,
,91,Cartucho,Hierba,,Zantedeschia aethiopica,Araceae,Referencia,https://identify.plantnet.org/es/the-plant-list/species/Zantedeschia%20aethiopica%20(L.)%20Spreng./data,,,Cultivada,Suráfrica,,
,92,Caucho del Tequendama,Árbol,,Ficus tequendamae,Moraceae,Referencia,https://www.gbif.org/es/species/5569602,,,Endémica,Colombia,,
,93,Caucho sabanero,Árbol,,Ficus soatensis,Moraceae,Referencia,https://www.reddearboles.org/ficha-tecnica/nwcproduct/818/arbol-nativo-caucho-sabanero,,,Nativa,Andes,,
,94,Caucho variegado,Árbol,,Ficus elastica Ruby,Moraceae,Referencia,https://identify.plantnet.org/es/the-plant-list/species/Ficus%20elastica%20Roxb.%20ex%20Hornem./data,,,Cultivada,Asia,,
,95,Cayeno,Arbusto,,Hibiscus rosa-sinensis,Malvaceae,Referencia,https://colombia.inaturalist.org/taxa/62876-Hibiscus-rosa-sinensis,,,Cultivada,E Asia,,
,96,Cebolla larga,Hierba,,Allium fistolosum,Amaryllidaceae,Referencia,https://colombia.inaturalist.org/taxa/126225-Allium-fistulosum,,,Cultivada,Asia,,
,97,Cedro,Árbol,Cedro de montaña,Cedrela bogotensis Triana,Meliaceae,Referencia,https://catalogofloravalleaburra.eia.edu.co/species/254,,,Nativa y amenazada,"Colombia, Venezuela, Perú",,
,98,Centavito,Hierba,,Dichondra repens,Convolvulaceae,Referencia,https://colombia.inaturalist.org/taxa/161824-Dichondra-repens,,,Nativa,Andes,,
,99,Centella,Hierba,,Centella asiática,Apiaceae,Referencia,https://colombia.inaturalist.org/taxa/156991-Centella,,,Nativa,Andes,,
,100,Cerezo,Árbol,Cerezo criollo,Prunus serotina,Rosaceae,Referencia,https://colombia.inaturalist.org/taxa/54834-Prunus-serotina,,,Nativa,México a Argentina,,
,101,Cerraja,Hierba,,Sonchus oleraceus,Asteraceae,Referencia,https://colombia.inaturalist.org/taxa/53294-Sonchus-oleraceus,,,Adventicia,"Asia, Europa y N África",,
,102,Cestro,Arbusto,Aretillo,Cestrum elegans,Solanaceae,Referencia,https://es.wikipedia.org/wiki/Cestrum_fasciculatum,,,Cultivada,México,,
,103,Charne,Arbusto,Sietecueos angelito,Bucquetia glutinosa,Melastomataceae,Referencia,https://colombia.inaturalist.org/taxa/464618-Bucquetia-glutinosa,,,Endémica,Colombia,,
,104,Cheflera variegada,Arbusto,,Schefflera arboricola,Araliaceae,Referencia,https://sembramos.com.co/planta-chiflera.html,,,Cultivada,China,,C3
,105,Chicalá,Árbol,"Chirlobirlo
Fresno",Tecoma stans,Bignoniaceae,Referencia,https://colombia.inaturalist.org/taxa/48363-Tecoma-stans,,,Nativa,E.U. a Argentina,,
,106,Chicalá rosado,Árbol,,Delostoma integrifolium,Bignoniaceae,Referencia,https://explora.uexternado.edu.co/especies/chicala-rosado/,,,Nativa,Venezuela a Perú,,
,107,Chilca,Arbusto,Chilco,Baccharis salicifolia,Asteraceae,Referencia,https://es.wikipedia.org/wiki/Baccharis_salicifolia,,,Nativa,SO E.U. a N Suramérica,,
,108,Chocho de árbol,Árbol,,Erythrina rubrinervia,Fabaceae,Referencia,https://jardinbotanicodelquindio.viveshops.co/es/productos/chocho-erythrina-rubrinervia,,,Nativa,México a Bolivia,,
,109,Chuque,Arbusto,"Viburnum
Chucua",Viburnum triphyllum,Adoxaceae,Referencia,https://colombia.inaturalist.org/taxa/547408-Viburnum-triphyllum,,,Nativa,Venezuela a Bolivia,,
,110,Chusque,"Arbusto, trepadora",Carrizo,Chusquea scandens,Poaceae,Referencia,https://colombia.inaturalist.org/taxa/545653-Chusquea-scandens,,,Nativa,Andes,,
,111,Cidrón,"Hierba, aromática",Cedrón,Aloysia citrodora Palau,Verbenaceae,Referencia,https://identify.plantnet.org/es/antilles/species/Aloysia%20citrodora%20Pal%C3%A1u/data,,,Cultivada,América,,
,112,Cilantro,Aromática,,Coriandrum sativum,Apiaceae,Referencia,https://colombia.inaturalist.org/taxa/67759-Coriandrum-sativum,,,Cultivada,"Europa, África",,
,113,Cinta,Hierba,Mala madre,Chlorophytum comosum,Agavaceae,Referencia,https://colombia.inaturalist.org/taxa/322492-Chlorophytum-comosum,,,Cultivada,África,,
,114,Ciro,Arbusto,Camiseto,Baccharis cundinamarcensis,Asteraceae,Referencia,https://colombia.inaturalist.org/taxa/546773-Baccharis-macrantha,,,Nativa,N Andes,,
,115,Ciruelo,Árbol,,Prunus americana,Rosaceae,Referencia,https://colombia.inaturalist.org/taxa/48629-Prunus-americana,,,Cultivada,Norteamérica,,"C2
L"
,116,Clivia,Hierba,Lirio de monte,Clivia miniata,Amaryllidaceae,Referencia,https://colombia.inaturalist.org/taxa/598250-Clivia-miniata-miniata,,,Cultivada,Suráfrica,,N1
,117,Conisa,Hierba,"Caña carricillo
Equisetum",Equisetum giganteum,Equisetaceae,Referencia,https://colombia.inaturalist.org/taxa/332476-Equisetum-giganteum,,,Nativa,Neotrópico,,
,118,Conisa,Hierba,,Conyza sumatrensis,Asteraceae,Referencia,https://colombia.inaturalist.org/taxa/370091-Conyza-sumatrensis,,,Adventicia,Subcosmopolita,,
,119,Copa de champán,"Hierba, trepadora",Jazmín de Chile,Mandevilla sanderi,Apocynaceae,Referencia,https://colombia.inaturalist.org/taxa/403721-Mandevilla-laxa,,,Cultivada,Ecuador a Chile,,
,120,Cordoncillo,Árbol,Bordoncillo,Piper bogotense,Piperaceae,Referencia,https://nombrescomunes.jbb.gov.co/site/cientifico?q=Piper+bogotense,,,Nativa,Panamá a Venezuela,,N1
,121,Corono,Árbol,Espino,Xylosma spiculifera,Salicaceae,Referencia,https://colombia.inaturalist.org/taxa/533962-Xylosma-spiculifera,,,Nativa,Colombia y Venezuela,,C5
,122,Correhuela mayor,"Hierba, trepadora, liana",Campanilla de enredadera,Calystegia sepium,Convolvulaceae,Referencia,https://colombia.inaturalist.org/taxa/57481-Calystegia-sepium,,,Cultivada,Hemisferio norte,,
,123,Corteza de cortina,Hongo,,?,?,Referencia,https://picturemushroom.com/es/wiki/Stereaceae.html,,,Identificación dudoa,,,
,124,Crisantemo,Hierba,,Chrysanthemum morifolium,Asteraceae,Referencia,https://es.wikipedia.org/wiki/Chrysanthemum,,,Cultivada,Norteamérica a Bolivia,,
,125,Cosmos,Hierba,,Cosmos bipinnatus,Asteraceae,Referencia,,,,Cultivada,,,
,126,Crocosmia,Hierba,,Crocosmia aurea,Iridaceae,Referencia,https://ecuador.inaturalist.org/taxa/361354-Crocosmia-aurea,,,Naturalizada,Neotrópico,,
,127,Croto,Arbusto,,Codiaeum Variegatum Pictum,Euphorbiaceae,Referencia,https://panama.inaturalist.org/taxa/127387-Codiaeum-variegatum,,,Cultivada,Malasia,,
,128,Cucharo,Árbol,Espadero,Myrsine coriacea ,Primulaceae,Referencia,https://colombia.inaturalist.org/taxa/133667-Myrsine-coriacea/browse_photos,,,Nativa,México a Paraguay,,
,129,Cucharo blanco,Árbol,,Myrsine guianensis,Primulaceae,Referencia,https://colombia.inaturalist.org/taxa/291911-Myrsine-guianensis,,,Nativa,Estados Unidos a Argentina,,
,130,Culantrillo,Hierba,,Adiantum raddianum,Pteridaceae,Referencia,https://colombia.inaturalist.org/taxa/158023-Adiantum-raddianum,,,Nativa,Neotrópico,,
,131,Curry,Hierba,Siempreviva de monte,Helichrysum luteoalbum ,Asteraceae,Referencia,https://colombia.inaturalist.org/taxa/209711-Helichrysum-luteoalbum,,,Cultivada,Cosmopolita,,
,132,Curubo,Hierba,,Passiflora mixta,Passifloraceae,Referencia,https://colombia.inaturalist.org/taxa/51449-Passiflora-mixta,,,Nativa,Colombia y Venezuela,,
,133,Cymbidium,Hierba,,Cymbidium cinense,Orchidaceae,Referencia,https://colombia.inaturalist.org/taxa/493639-Cymbidium-sinense,,,Cultivada,"China, Vietnam",,
,134,Dalia  ,Hierba,Flor de garza,Dahlia pinnata,Asteraceae,Referencia,https://es.wikipedia.org/wiki/Dahlia,,,Nativa,México a Bolvia,,
,135,Dalia imperial,Arbusto,,Dhalia imperialis,Asteraceae,Referencia,https://colombia.inaturalist.org/taxa/288936-Dahlia-imperialis,,,Nativa,México a Bolvia,,
,136,Dedos de Dios,Suculenta,,Sedum pachyphyllum,Crassulaceae,Referencia,https://identify.plantnet.org/es/the-plant-list/species/Sedum%20pachyphyllum%20Rose/data,,,Nativa,México ,,
,137,Dicranoweisia,Musgo,,Dicranoweisia cirrata,Rhabdoweisiaceae,Referencia,https://colombia.inaturalist.org/taxa/67949-Dicranoweisia-cirrata,,,Cultivada,Indeterminado,,L
,138,Diente de León,Hierba,,Taraxacum officinale,Asteraceae,Referencia,https://colombia.inaturalist.org/taxa/47602-Taraxacum-officinale,,,Naturalizada,Cosmopolita,,
,139,Diosme,Arbusto,,Coleonema album,Rutaceae,Referencia,https://colombia.inaturalist.org/taxa/55226-Coleonema-album/browse_photos,,,Cultivada,Suráfrica,,C5
,140,Dividivi,Árbol,"Dividivi de tierra fría
Guarango, Tara",Tara spinosa,Fabaceae,Referencia,https://colombia.inaturalist.org/taxa/768539-Tara-spinosa,,,Nativa,Colombia a Argentina,,
,141,Duraznillo,Arbusto,,Abatia parviflora,Salicaceae,Referencia,https://colombia.inaturalist.org/taxa/528103-Abatia-parviflora,,,Nativa,Costa Rica y Colombia a Perú,,
,142,Durazno,Árbol,,Prunus persica,Rosaceae,Referencia,https://colombia.inaturalist.org/taxa/78755-Prunus-persica,,,Cultivada,Cosmopolita,,
,143,Elleanthus smithii,Orquídea,,Elleanthus smithii,Orchidaceae,Referencia,https://colombia.inaturalist.org/taxa/706996-Elleanthus-smithii,,,Nativa,Venezuela a Ecuador,,
,144,Encino,Árbol,Alcornoque,Quercus suber,Fagaceae,Referencia,https://colombia.inaturalist.org/taxa/50868-Quercus-suber,,,Cultivada,"Europa, N África",,
,145,Epidendro,Orquídea,,Epidendrum porphyreum Lindl. ,Orchidaceae,Referencia,https://identify.plantnet.org/es/the-plant-list/species/Epidendrum%20porphyreum%20Lindl./data,,,Nativa,Andes ,,
,146,Escalonia,Arbusto,,Escallonia rubra,Escalloniaceae,Referencia,https://colombia.inaturalist.org/guide_taxa/1034783,,,Cultivada,"Chile, Argentina",,
,147,Espinaca,Hierba,,Spinacia oleracea,Amaranthaceae,Referencia,https://www.naturalista.mx/taxa/84092-Spinacia-oleracea,,,Cultivada,Mediterráneo,,
,148,Estrella de belén,Hierba,,Ornithogalum thyrsoides,Asparagaceae,Referencia,https://colombia.inaturalist.org/taxa/276978-Ornithogalum-thyrsoides,,,Cultivada,Suráfrica,,
,149,Estrellitas,Hierba,,Galinsoga quadriradiata,Asteraceae,Referencia,https://colombia.inaturalist.org/taxa/56170-Galinsoga-quadriradiata,,,Nativa,E.U. a Brasil,,C5
,150,Eucalipta,Árbol,Ecucalipto Baby Blue,Eucalyptus pulverulenta,Mirtáceas,Referencia,https://ecuador.inaturalist.org/taxa/64294-Eucalyptus-pulverulenta,,,Cultivada,Australia,,
,151,Eucalipto,Árbol,,Eucalyptus globulus,Mirtáceas,Referencia,https://colombia.inaturalist.org/guide_taxa/786719,,,Cultivada,Australia,,
,152,Eugenia,Arbolito,Cerezo magenta,Syzygium paniculatum,Myrtaceae,Referencia,https://catalogofloravalleaburra.eia.edu.co/species/276,,,Cultivada,Australia,,
,153,Falso pimiento,Árbol,Muelle,Schinus molle,Anacardiaceae,Referencia,https://colombia.inaturalist.org/taxa/57354-Schinus-molle,,,Naturalizada,Perú y Bolivia,,
,154,Falso plátano,Hierba,,Ensete ventricosum,Musaceae,Referencia,https://colombia.inaturalist.org/taxa/140998-Ensete-ventricosum,,,Cultivada,África,,
,155,Feijoa,Arbusto,,Acca sellowiana,Myrtaceae,Referencia,https://colombia.inaturalist.org/taxa/181074-Acca-sellowiana,,,Nativa,Suramérica,,"C5
P"
,156,Filodendro,Hierba,Mano de tigre,Philodendron bipinnatifidum,Araceae,Referencia,https://colombia.inaturalist.org/taxa/63720-Philodendron-bipinnatifidum,,,Cultivada,"Brasil, Bolivia, Argentina, Paraguay",,
,157,Fitolaca,Hierba,,Phytolacca bogotensis,Phytolaccaceae,Referencia,https://www.jardineriaon.com/phytolacca-americana.html,,,Nativa,Colombia a Argentina,,
,158,Fitonia,Hierba,,Fittonia albivenis,Acanthaceae,Referencia,https://es.wikipedia.org/wiki/Fittonia,,,Nativa y cultivada,"Amazonia, Pacífico",,
,159,Flor celeste,Arbusto,Duranta variegada,Duranta repens variegata,Verbenaceae,Referencia,https://mygarden.com.co/product/duranta-variegada-2/,,,Nativa,Estados Unidos a Argentina,,
,160,Flor de cera,Enredadera,,Thunbergia grandiflora,Acanthaceae,Referencia,https://colombia.inaturalist.org/taxa/129036-Thunbergia-grandiflora,,,Cultivada,India y SE Asia,,
,161,Flor de Cristo,Orquídea,,Epidendrum secundum ,Orchidaceae,Referencia,https://ecuador.inaturalist.org/taxa/130068-Epidendrum-secundum,,,Nativa,"Andes, Antillas, Brasil",,
,162,Flor de mayo,"Arbusto, arbolito, árbol",,Tibouchina mollis,Melastomataceae,Referencia,https://colombia.inaturalist.org/taxa/545542-Tibouchina-mollis,,,Nativa,"Colombia, Ecuador, Perú",,
,163,Flor de sangre,Hierba,,Scadoxus multiflorus,Amaryllidaceae,Referencia,https://es.wikipedia.org/wiki/Scadoxus,,,Cultivada,África y penínsuyla arábiga,,
,164,Fotinia,Árbol,,Photinia glabra,Rosaceae,Referencia,https://ecuador.inaturalist.org/taxa/166738-Photinia-glabra,,,Cultivada,China,,
,165,Frangipán,"Árbusto, arbolito, árbol",,Plumeria rubra,Apocynaceae,Referencia,https://colombia.inaturalist.org/observations/227004755,,,Nativa,México a Venezuela y Perú,,
,166,Fríjol egipcio,Enredadera,Fríjol jacinto,Lablab purpureus,Fabaceae,Referencia,https://jbb.gov.co/lablab-purpureus/,,,Cultivada,"Egipto, India",,
,167,Fucsia,Arbusto,,Fuchsia hybrida,Onagraceae,Referencia,https://www.ecured.cu/Fucsia_(Planta),,,Cultivada,Neotrópico,,
,168,Fucsia arbórea mosqueta,Arbusto,Achiotillo,Fuchsia paniculata,Onagraceae,Referencia,https://identify.plantnet.org/es/the-plant-list/species/Fuchsia%20paniculata%20Lindl./data,,,Cultivada,México a Panamá,,
,169,Fucsia boliviana,Arbusto,Aretillo de los Andes,Fuchsia boliviana,Onagraceae,Referencia,https://identify.plantnet.org/es/the-plant-list/species/Fuchsia%20boliviana%20Carri%C3%A8re/data,,,Naturalizada,Perú a Argentina,,"C3
C4
N1"
,170,Gaque,Arbolito,"Chagualo
Cape",Clusia multiflora,Clusiaceae,Referencia,https://colombia.inaturalist.org/taxa/154532-Clusia-multiflora,,,Nativa,Costa Rica a Bolivia,,
,171,Gazania,Hierba,,Gazania pectinata,Asteraceae,Referencia,https://en.wikipedia.org/wiki/Gazania_pectinata,,,Cultivada,Suráfrica,,
,172,Geranio  ,Hierba,,Pelargonium hortorum,Geraniaceae,Referencia,https://www.elmundoforestal.com/portfolio/geranio/,,,Cultivada,Suráfrica,,"E1
L"
,173,Geranio hiedra,Hierba,,Pergalonium peltatum,Geraniaceae,Referencia,http://www.consultaplantas.com/index.php/es/plantas-por-nombre/plantas-de-la-m-a-la-r/1327-cuidados-de-la-planta-pelargonium-peltatum-o-geranio-hiedra#google_vignette,,,Cultivada,Suráfrica,,
,174,Girasol,Hierba,,Helianthus annuus,Asteraceae,Referencia,https://www.naturalista.mx/taxa/57983-Helianthus-annuus,,,Cultivada,México a Argentina,,
,175,Globitos,Hierba,Clavelina de mar,Armeria maritima,Plumbaginaceae,Referencia,https://plantayflor.blogspot.com/2011/04/armeria-maritima.html,,,Cultivada,Europa,,
,176,Granadilla,"Hierba, trepadora",Flor de la pasión,Passiflora alata,Passifloraceae,Referencia,https://es.wikipedia.org/wiki/Passiflora_alata,,,Cultivada,Brasil ,,E1
,177,Graptoveria,Suculenta,Dudleya,Graptoveria Fred Ives,Crassulaceae,Referencia,https://www.gardenia.net/plant/graptoveria-fred-ives,,,Cultivada,Islas Canarias,,
,178,Guatila,Trepadora,"Cidra,  Papa de pobre
Guayote, Guasca",Sechium edule ,Cucurbitaceae,Referencia,https://colombia.inaturalist.org/taxa/125147-Sechium-edule,,,Naturalizada,México+América tropical,,EP
,179,Guayabo amarillo,Árbol,Arrayán,Psidium sartorianum,Myrtaceae,Referencia,https://ecuador.inaturalist.org/taxa/209980-Psidium-sartorianum,,,Nativa,México a Bolivia,,
,180,Guayacán azul,Bonsai,,Guaiacum officinale,Zygophyllaceae,Referencia,https://www.car.gov.co/uploads/files/60d37ace17011.pdf,,,Nativa y amenazada,Centioamérica y N Suramérica,,
,181,Guayacán de Manizales,Árbol,,Lafoensia acuminata,Lythraceae,Referencia,https://nombrescomunes.jbb.gov.co/site/combinacion?q=1095,,,Nativa,Colombia a Perú,,
,182,Guzmania,"Hierba, epífita, terrestre",,Guzmania lingulata,Bromeliaceae,Referencia,https://colombia.inaturalist.org/taxa/276734-Guzmania-lingulata,,,Nativa,Amñerica tropical,,
,183,Hayuelo,Arbusto,,Dodonaea viscosa,Sapindaceae,Referencia,https://colombia.inaturalist.org/taxa/122711-Dodonaea-viscosa,,,Nativa,Zonas tropicales del mundo,,
,184,Hayuelo morado,Arbusto,Chirca púrpura,Dodonaea viscosa purpurea,Sapindaceae,Referencia,https://www.unjardinsostenible.com/2019/11/dodonaea-viscosa-purpura-dodonea.html,,,Nativa,Zonas tropicales del mundo,,
,185,Hebe,Arbusto,Verónica,Hebe speciosa,Plantaginaceae,Referencia,http://www.consultaplantas.com/index.php/es/plantas-por-nombre/plantas-de-la-d-a-la-l/404-cuidados-de-la-planta-hebe-speciosa-hebe-o-veronica,,,Cultivada,Nueva Zelanda,,
,186,Helecho común,Hierba,Cabeza de chivo,Dryopteris wallichiana,Dryopteridaceae,Referencia,https://identify.plantnet.org/es/the-plant-list/species/Dryopteris%20wallichiana%20(Spreng.)%20Hyl./data,,,Nativa," Cenbroamérica, Suramérica, Antillas, Asia, Oceanía",,
,187,Helecho espárrago,Hierba,Esparraguera,Asparagus densiflorus Kunth,Asparagaceae,Referencia,https://www.picturethisai.com/es/wiki/Asparagus_aethiopicus.html,,,Cultivada,Suráfrica,,
,188,Helecho giboso,Hierba,,Oceanopteris gibba,Blechnaceae,Referencia,https://www.gbif.org/es/species/9348436,,,Cultivada,Suráfrica,,
,189,Helecho marranero,Hierba,,Pteridium aquilinum,Dennstaedtiaceae,Referencia,https://www.car.gov.co/uploads/files/60635eeac4eba.pdf,,,Nativa e invasora,"Centroamérica, Suramérica, Antillas",,
,190,Helecho perejil,Hierba,,Asplenium praemorsum,Aspleniaceae,Referencia,https://colombia.inaturalist.org/taxa/158795-Asplenium-praemorsum,,,Nativa,México y Antillas a NO Suramérica,,
,191,Helecho serrucho,Hierba,,Nephrolepis cordifolia,Nephrolepidaceae,Referencia,https://www.inaturalist.org/guide_taxa/1256700,,,Cultivada,"Neotrópico, Aia, Oceanía",,
,192,Heliotropo,Arbusto,,Heliotropium arborescens,Boraginaceae,Referencia,https://ecuador.inaturalist.org/taxa/135430-Heliotropium-arborescens,,,Cultivada,Perú a Chile,,
,193,Hiedra común,Trepadora,Hiedra helix,Hedera helix,Araliaceae,Referencia,https://colombia.inaturalist.org/taxa/55882-Hedera-helix,,,Cultivada,Europa,,
,194,Hiedra terrestre,"Hierba, rastrera",,Glechoma hederacea,Lamiaceae,Referencia,https://colombia.inaturalist.org/taxa/55830-Glechoma-hederacea,,,Cultivada,"Europa, Asia, Norteamèrica",,N1
,195,Hierba carnicera,Hierba,,Conyza canadiensis,Asteraceae,Referencia,https://es.wikipedia.org/wiki/Conyza_canadensis,,,Adventicia,"Norteamérica, Suramérica, Europa, S África",,
,196,Hierba mora,Hierba,,Solanum americanum,Solanaceae,Referencia,https://es.wikipedia.org/wiki/Archivo:Solanum_americanum_(Solanaceae).jpg,,,Nativa,Canadá a Guayanas y Bolivia,,
,197,Hierba cana,Hierba,Glabella,Packera glabella,Asteraceae,Referencia,https://ecuador.inaturalist.org/taxa/54921-Packera-glabella,,,Cultivada,SE Estados Unidos y centroamérica,,
,198,Hierbabuena,"Hierba, aromática",,Mentha spicata,Lamiaceae,Referencia,https://identify.plantnet.org/es/the-plant-list/species/Mentha%20spicata%20L./data,,,Cultivada,Europa,,
,199,Higuerilla,Arbusto,,Ricinus communis,Euphorbiaceae,Referencia,https://colombia.inaturalist.org/taxa/56739-Ricinus-communis,,,Naturalizada,África,,
,200,Higuerón,Árbol,"Higuera blanca, caucho",Ficus insipida,Moraceae,Referencia,https://colombia.inaturalist.org/taxa/273850-Ficus-insipida,,,Nativa,América tropical,,
,201,Hinojo,"Hierba, aromática",,Foeniculum vulgare,Apiaceae,Referencia,https://spain.inaturalist.org/taxa/53052-Foeniculum-vulgare,,,Cultivada,Mediterráneo,,
,202,Holcus lanatus,Hierba,Pasto de terciopelo,Holcus lanatus,Poaceae,Referencia,https://ecuador.inaturalist.org/taxa/52793-Holcus-lanatus,,,Naturalizada,Cosmopolita,,
,203,Holly espinoso,Arbolito,,Pyracantha angustifolia,Rosaceae,Referencia,https://nombrescomunes.jbb.gov.co/site/combinacion?q=1168,,,Cultivada,China,,
,204,Holly liso,Arbusto,Mortiño extranjero,Cotoneaster pannosus,Rosaceae,Referencia,https://nombrescomunes.jbb.gov.co/site/combinacion?q=1169,,,Cultivada,China,,
,205,Hortensia arbórea,Arbusto,,Hydrangea arborescens ,Hydrangeaceae,Referencia,https://identify.plantnet.org/es/useful/species/Hydrangea%20arborescens%20L./data,,,Cultivada,China,,
,206,Hortensia crespa,Arbusto,,Hydrangea involucrata,Hydrangeaceae,Referencia,https://identify.plantnet.org/es/the-plant-list/species/Hydrangea%20involucrata%20Siebold/data,,,Cultivada,Japón,,
,207,Hortensia de invierno,Arbusto,Hortensia de invierno,Bergenia crassifolia,Saxifragaceae,Referencia,https://colombia.inaturalist.org/taxa/127228-Bergenia-crassifolia,,,Cultivada,Siberia y Mongolia,,
,208,Hortensia holandesa,Arbusto,,Hydrangea macrophylla,Saxifragaceae,Referencia,https://identify.plantnet.org/es/useful/species/Hydrangea%20macrophylla%20(Thunb.)%20Ser./data,,,Cultivada,China,,
,209,Incienso,"Hierba, aromática",,Plectranthus forsteri «Variegata»,Lamiaceae,Referencia,https://plantasflores.com/plectranthus-forsteri-variegata/,,,Cultivada,Asia,,
,210,Inmortal,Hierba,,Helichrysum petiolare,Asteraceae,Referencia,https://colombia.inaturalist.org/taxa/77361-Helichrysum-petiolare,,,Cultivada,Suráfrica,,
,211,Jade,Suculenta,,Crassula ovata,Crassulaceae,Referencia,https://clubsuculentas.com/crassulaceae/crassula/crassula-ovata-arbol-jade/,,,Cultivada,"Mozambique, Suráfrica",,
,212,Jazmín,Árbol,Jazmín del cabo,Pittosporum undulatum,Pittosporaceae,Referencia,https://colombia.inaturalist.org/taxa/51594-Pittosporum-undulatum,,,Cultivada,Australia,,
,213,Jazmín chileno,"Hierba, trepadora",,Mandevilla laxa,Apocynaceae,Referencia,https://www.picturethisai.com/es/wiki/Mandevilla_laxa.html,,,Cultivada,Ecuador a Chile,,C2
,214,Jazmín enredadera,"Hierba, trepadora",Jazmín rosa asiático,Jasminum polyanthum,Oleaceae,Referencia,https://nombrescomunes.jbb.gov.co/site/cientifico?q=Jasminum+polyanthum,,,Cultivada,China y Birmania,,
,215,Jazmín lavanda,Arbusto,Jazmín del Paraguay,Brunfelsia australis,Solanaceae,Referencia,https://ecuador.inaturalist.org/taxa/430749-Brunfelsia-australis,,,Cultivada,Brasil a Argentina,,
,216,Jazmín mexicano,Arbusto,"Clavo, azahar mexicano",Choisya ternata,Rutaceae,Referencia,http://www.consultaplantas.com/index.php/es/plantas-por-nombre/plantas-de-la-a-a-la-c/205-cuidados-de-la-planta-choisya-ternata-choisia-o-naranjo-de-mexico,,,Cultivada,Estados Unidos a México,,
,217,Josefina,"Hierba, trepadora",,Alyogyne huegelii,Malvaceae,Referencia,https://www.naturalista.mx/taxa/75387-Alyogyne-huegelii,,,Cultivada,Australia,,
,218,Kale,Hierba,,Brassica oleracea ssp. sabellica,Brassicaceae,Referencia,https://ecuador.inaturalist.org/taxa/739454-Brassica-oleracea-sabellica,,,Cultivada,Europa,,
,219,Koromiko,Hierba,"Koromiko
Hebe stricta",Hebe salicifolia,Plantaginaceae,Referencia,https://colombia.inaturalist.org/taxa/738800-Veronica-stricta,,,Cultivada,Chile,,
,220,Lachnocaulon,Hierba,,Lachnocaulon anceps,Eriocaulaceae,Referencia,https://ecuador.inaturalist.org/taxa/164402-Lachnocaulon-anceps,,,Cultivada,Norteamérica y Cuba,,
,221,Lantana,Arbusto,Cinco negritos,Lantana camara,Verbenaceae,Referencia,https://colombia.inaturalist.org/taxa/50333-Lantana-camara,,,Nativa,México a Argentina,,
,222,Lantana morada,"Arbusto, trepadora",Verbena rastrera,Lantana fucata,Verbenaceae,Referencia,https://colombia.inaturalist.org/taxa/545679-Lantana-fucata,,,Nativa,"México, Colombia, Uruguay",,
,223,Laurel  ,Árbol,Laurel de castilla,Laurus nobilis,Lauraceae,Referencia,https://colombia.inaturalist.org/taxa/54759-Laurus-nobilis,,,Cultivada,Mediterráneo,,
,224,Laurel de cera,Arbolito,,Morella pubescens,Myricaceae,Referencia,https://ecuador.inaturalist.org/taxa/496289-Morella-pubescens,,,Nativa,Costa Rica a Venezuela y Bolivia,,
,225,Lavanda,Hierba,,Lavandula dentada,Lamiaceae,Referencia,https://es.wikipedia.org/wiki/Lavandula_dentata,,,Cultivada,Mediterráneo,,
,226,Lechuga,Hierba,,Lactuca sativa,Asteraceae,Referencia,https://colombia.inaturalist.org/taxa/122976-Lactuca-sativa,,,Cultivada,Mediterráneo,,
,227,Lengua de cierva,Hierba,Calaguala de Venezuela,Campyloneurum phyllitidis ,Polypodiaceae,Referencia,https://colombia.inaturalist.org/taxa/159779-Campyloneurum-phyllitidis,,,Nativa,Costa Rica a Venezuela y Bolivia,,
,228,Lengua de suegra,Hierba,,Sansevieria trifasciata,Asparagaceae,Referencia,https://nombrescomunes.jbb.gov.co/site/cientifico?q=sanse,,,Cultivada,África,,
,229,Lengua de vaca,Hierba,Lengua de vaca,Rumex obtusifolius,Polygonaceae,Referencia,https://colombia.inaturalist.org/taxa/63371-Rumex-obtusifolius,,,Naturalizada,Europa,,
,230,Lenteja de agua,Planta acuática,,Lemna minuta Kunth,Araceae,Referencia,https://colombia.inaturalist.org/taxa/54518-Lemna-minor,,,Nativa,Colombia a Chile,,
,231,Leucadendro,Arbusto,,Leucadendron salignum,Proteaceae,Referencia,https://www.australianplants.com/plants.aspx?id=1346,,,Cultivada,Suráfrica,,
,232,Licopodio  ,Hierba,,Diphasiastrum thyoides,Lycopodiaceae,Referencia,https://colombia.inaturalist.org/taxa/338819-Diphasiastrum-thyoides,,,Nativa,México a Argentina,,
,233,Licopodio interrumpido,Hierba,,Spinulum annotinum,Lycopodiaceae,Referencia,https://www.picturethisai.com/es/wiki/Spinulum_annotinum.html,,,Cultivada,"Europa, Asia, Norteamérica",,
,234,Ligustro,Árbol,Aligustre,Ligustrum vulgare,Oleaceae,Referencia,https://colombia.inaturalist.org/taxa/77741-Ligustrum-ovalifolium,,,Cultivada,NO África,,
,235,Lima limón,Arbusto,,Citrus limon,Rutaceae,Referencia,https://colombia.inaturalist.org/taxa/498720-Citrus-limon,,,Cultivada,"China, India",,
,236,Limón,Arbusto,,Citrus aurantium,Rutaceae,Referencia,https://nombrescomunes.jbb.gov.co/site/combinacion?q=1273,,,Cultivada,China,,
,237,Limonaria,Hierba,,Cymbopogon citratus,Poaceae,Referencia,https://colombia.inaturalist.org/taxa/123728-Cymbopogon-citratus,,,Cultivada,India y Sri Lanka,,
,238,Lino,Hierba,Lino de Nueva Zelanda,Phormium tenax,Xanthorrhoeaceae,Referencia,https://colombia.inaturalist.org/taxa/51754-Phormium-tenax,,,Cultivada,Nueva Zelanda,,S1
,239,Liquidámbar,Árbol,,Liquidambar styraciflua,Altingiaceae,Referencia,https://colombia.inaturalist.org/taxa/49658-Liquidambar-styraciflua,,,Cultivada,S Estados Unidos,,"C5
S1"
,240,Lirio amarillo,Hierba,Azzucena amarilla,Hemerocallis lilioasphodelus,Asphodelaceae,Referencia,https://colombia.inaturalist.org/taxa/163663-Hemerocallis-lilioasphodelus,,,Cultivada,"China, Corea, Siberia",,
,241,Lirio asiático,Hierba,Lirio asiático,Hemerocallis flava,Xanthorrhoeaceae,Referencia,https://colombia.inaturalist.org/taxa/126583-Hemerocallis-fulva,,,Cultivada,Asia,,
,242,Lirio del Amazonas,Hierba,,Eucharis amazonica,Amaryllidaceae,Referencia,https://diversidadbiologica1upn.wordpress.com/2020/07/24/lirio-de-amazonas-eucharis-amazonica/,,,Nativa,México a Bolivia,,C5
,243,Llama  ,Hierba,Bandera española,Kniphofia uvaria,Asphodelaceae,Referencia,https://colombia.inaturalist.org/taxa/56035-Kniphofia-uvaria,,,Cultivada,Suráfrica,,
,244,Llama de fuego,Suculenta,,Crassulla capitella,Crassulaceae,Referencia,https://clubsuculentas.com/crassulaceae/crassula/crassula-capitella/,,,Cultivada,Suráfrica,,
,245,Llamarada,Arbusto,Bignonia capensis,Tecoma capensis,Bignoniaceae,Referencia,https://species.wikimedia.org/wiki/Tecoma_capensis,,,Cultivada,S Africa,,
,246,Lopatero,Hierba,,Lophatherum gracile,Poaceae,Referencia,https://colombia.inaturalist.org/taxa/427091-Lophatherum-gracile,,,Cultivada,Asia,,
,247,Lulo,Arbusto,Naranjito,Solanum quitoense Lam,Solanacae,Referencia,https://www.ica.gov.co/getattachment/de9f2f66-898a-45b8-848d-0c49a23ca70c/manejo-fitosanitario-del-cultivo-de-lulo-(solanum.aspx,,,Nativa,Nicaragua a Perú,,
,248,Lupino,Arbuto,Altramuz,Lupinus bogotenis,Fabaceae,Referencia,https://colombia.inaturalist.org/taxa/138919-Lupinus-bogotensis,,,Nativa,Colombia a Bolivia,,
,249,Madreselva japonesa,"Arbusto, trepadora",,Lonicera caprifolium Thunb.,Caprifoliaceae,Referencia,https://colombia.inaturalist.org/taxa/51873-Lonicera-caprifolium,,,Cultivada,China y Japón,,
,250,Magnolio,Árbol,,Magnolia grandiflora,Magnoliaceae,Referencia,https://nombrescomunes.jbb.gov.co/site/combinacion?q=1330,,,Cultivada,Cosmopolita,,
,251,Malva,Subarbusto,,Malva arborea,Malvaceae,Referencia,https://es.wikipedia.org/wiki/Malva_arborea,,,Cultivada,Europa y Mediterráneo,,
,252,Mandarino,Arbolito,Mandarina,Citrus reticulata,Rutaceae,Referencia,https://colombia.inaturalist.org/taxa/123355-Citrus-reticulata,,,Cultivada,"China, India",,
,253,Mano de oso,Árbol,,Oreopanax bogotensis,Araliaceae,Referencia,https://colombia.inaturalist.org/taxa/547402-Oreopanax-bogotensis,,,Nativa,Colombia a Ecuador,,
,254,Manto de María,Hierba,,Solanum laxum,Solanaceae,Referencia,https://colombia.inaturalist.org/taxa/128667-Solanum-laxum,,,Cultivada,"Paraguay, Uruguay, Argentina",,
,255,Manzanilla,Hierba,,Chamaemelum nobile,Ateraceae,Referencia,https://spain.inaturalist.org/taxa/143243-Chamaemelum-nobile,,,Adventicia,"Europa, Norteamérica",,
,256,Manzano,Arbusto,,Malus pumila,Rosaceae,Referencia,https://ecuador.inaturalist.org/taxa/77949-Malus-pumila,,,Cultivada,Cosmopolita,,
,257,Marchantia,"Hepática, acuática","Empeine
Hepática de las fuentes",Marchantia polymorpha,Lophocoleaceae,Referencia,https://colombia.inaturalist.org/taxa/56406-Marchantia-polymorpha,,,Nativa,Cosmopolita,,
,258,Margarita  ,Hierba,,Leucanthemum vulgare,Asteraceae,Referencia,https://colombia.inaturalist.org/taxa/56057-Leucanthemum-vulgare,,,Cultivada,Eurasia,,
,259,Margarita agerantemo,Hierba,"Margarita leñosa, margarita de las islas Canarias",Argyranthemum frutescens,Asteraceae,Referencia,https://colombia.inaturalist.org/taxa/181635-Argyranthemum-frutescens,,,Cultivada,"África, Europa",,
,260,Margarita amarilla,Hierba,Margarita chispita,Euryops chrysanthemoides,Asteraceae,Referencia,https://colombia.inaturalist.org/taxa/162895-Euryops-chrysanthemoides,,,Cultivada,S Africa,,
,261,Margarita cimarrona,Hierba,Marimonia,Erigeron karvinskianus,Asteraceae,Referencia,https://colombia.inaturalist.org/taxa/76923-Erigeron-karvinskianus,,,Adventicia,,,
,262,Margarita punto azul,Hierba,Caléndula del Cabo,Dimorphotheca ecklonis,Asteraceae,Referencia,https://colombia.inaturalist.org/taxa/76660-Dimorphotheca-ecklonis,,,Cultivada,Suráfrica,,
,263,Margaritón,Hierba,Margarita reina,Leucanthemum maximum,Asteraceae,Referencia,https://www.picturethisai.com/es/wiki/Leucanthemum_maximum.html,,,Cultivada,Europa,,
,264,Marihuana,,,Cannabis sativa,Cannabaceae,Referencia,https://colombia.inaturalist.org/taxa/75997-Cannabis-sativa,,,Cultivada,Himalaya,,
,265,Mármol mediterráneo,Hierba,Cineraria,Jacobaea maritima,Asteraceae,Referencia,https://colombia.inaturalist.org/taxa/357682-Jacobaea-maritima,,,Cultivada,Mediterráneo,,E1
,266,Masdevalia-hirtzii,Orquídea,,Masdevallia-hirtzii,Orchidaceae,Referencia,https://www.orchidroots.com/detail/100133360/hybrid/?tab=sum,,,Nativa,Ecuador y Colombia,,
,267,Matatósigo,Hierba,,Vincetoxicum hirundinaria,Apocynaceae,Referencia,https://es.wikipedia.org/wiki/Archivo:Vincetoxicum_hirundinaria_inflorescence_1_AB.jpg,,,Cultivada,Europa,,
,268,Menta,Hierba,,Mentha Aquática,Lamiaceae,Referencia,https://colombia.inaturalist.org/taxa/77990-Mentha-aquatica,,,Cultivada,Europa,,
,269,Mermelada,Arbusto,"Trompetitas naranjas, Heliotropo amarillo",Streptosolen jamesonii,Solanaceae,Referencia,https://identify.plantnet.org/es/the-plant-list/species/Streptosolen%20jamesonii%20(Benth.)%20Miers/data,,,Nativa,"Ecuador, Perú, Colombia, Venezuela",,
,270,Metrosideros,Árbolito,Pomarroso rojo,Metrosideros excelsa Gaertn.,Myrtaceae,Referencia,https://colombia.inaturalist.org/taxa/60447-Metrosideros-polymorpha,,,Cultivada,Nueva Zelanda,,
,271,Mirasol de agua,Arbusto,Girasol de agua,Bidens laevis,Asteraceae,Referencia,https://colombia.inaturalist.org/taxa/75766-Bidens-laevis,,,Nativa,México a Argentina,,
,272,Mirto,Arbusto,Arrayán,Myrtus communis,Myrtaceae,Referencia,https://es.wikipedia.org/wiki/Archivo:Starr_080304-3229_Myrtus_communis.jpg,,,Cultivada,Andes,,
,273,Mona Lisa,Enredadera,Flor de espuela,Plectranthus zuluensis,Lamiaceae,Referencia,https://identify.plantnet.org/es/the-plant-list/species/Plectranthus%20zuluensis%20T.Cooke/data,,,Cultivada,Suráfrica,,
,274,Monina,Arbusto,,Monnina salicifolia ,Polygalaceae,Referencia,https://plantasdecolombia.com/tag/monnina/,,,Nativa,Colombia a Bolivia,,
,275,Mora de Castilla,Enredadera,,Rubus glaucus,Rosaceae,Referencia,https://colombia.inaturalist.org/taxa/63146-Rubus-glaucus,,,Nativa,Costa Rica a Bolivia,,
,276,Mortiño,Árbol  ,,Hesperomeles goudotiana,Rosaceae,Referencia,https://colombia.inaturalist.org/taxa/538414-Hesperomeles-goudotiana,,,Endémica,Andes Colombia,,
,277,Mulato,Árbol,Palo blanco,Ilex kunthiana,Aquifoliaceae,Referencia,https://plantasdecolombia.com/2014/11/07/ilex-kunthiana-aquifoliaceae/,,,Nativa,"Colombia, Venezuela",,
,278,Musgo birrete,Musgo,,Polytrichum juniperinum,Polytrichaceae,Referencia,https://colombia.inaturalist.org/taxa/67912-Polytrichum,,,Nativa,Andes,,
,279,Musgo ciprés,Musgo,,Hypnum cupressiforme,Hypnaceae,Referencia,https://colombia.inaturalist.org/taxa/241115-Hypnum-cupressiforme-cupressiforme,,,Nativa,Subcosmopolita,,
,280,Naranjito,Arbolito,Naranjo calamodín,Citrofortunella Mitis.,Rutaceae,Referencia,https://www.agromatica.es/calamondin/,,,Cultivada,"China, Filipinas",,C5
,281,Narciso,Hierba,Divja narcisa,Narcissus pseudonarcissus ,Amaryllidaceae,Referencia,https://www.miteco.gob.es/eu/biodiversidad/temas/inventarios-nacionales/iect_narcissus_pseudonarcissus_tcm35-164111.pdf,,,Cultivada,Europa,,
,282,Níspero,Arbusto,,Eriobotrya japonica,Rosaceae,Referencia,https://www.naturalista.mx/taxa/76949-Eriobotrya-japonica,,,Cultivada,Andes,,
,283,No me olvides,Hierba,,Myosotis stricta,Boraginaceae,Referencia,https://colombia.inaturalist.org/taxa/161415-Cynoglossum-amabile,,,Cultivada,Asia,,
,284,Nogal bogotano,Árbol,"Nogal, Cedro nogal
Cedro negro",Juglans neotropica,Juglandaceae,Referencia,https://catalogofloravalleaburra.eia.edu.co/species/257,,,Nativa,Andes,,
,285,Novio,Hierba,Novio enano,Pergalonium zonale,Geraniaceae,Referencia,https://nombrescomunes.jbb.gov.co/site/cientifico?q=Pelargonium+zonale,,,Cultivada,Suráfrica,,
,286,Novio negro,Hierba,Novio enano,Pergalonium zonale,Geraniaceae,Referencia,https://nombrescomunes.jbb.gov.co/site/cientifico?q=Pelargonium+zonale,,,Cultivada,Suráfrica,,
,287,Nudosilla,,Confite,Polygonum capitatum,Polygonaceaae,Referencia,https://identify.plantnet.org/es/the-plant-list/species/Persicaria%20capitata%20(Buch.-Ham.%20ex%20D.Don)%20H.Gross/dataa,,,Adventicia,Subcosmopolita,,
,288,Olivo,Arbusto,Fruta de burro,Quadrella odoratissima,Capparidaceae,Referencia,https://colombia.inaturalist.org/taxa/291609-Quadrella-odoratissima,,,Nativa,México a Colombia y Venezuela,,
,289,Orégano,Aromática,,Origanum majorana,Lamiaceae,Referencia,https://colombia.inaturalist.org/taxa/165925-Origanum-majorana,,,Cultivada,Eurasia,,
,290,Oreja de agua,Hierba acuática,,Heteranthera reniformis,Pontederiaceae,Referencia,https://colombia.inaturalist.org/taxa/163710-Heteranthera-reniformis,,,Nativa,América tropical,,
,291,Orejas de burro,Suculenta,,Kalanchoe gastonis-bonnieri,Crassulaceae,Referencia,https://mexico.inaturalist.org/taxa/82506-Kalanchoe-gastonis-bonnieri,,,Cultivada,Madagascar,,
,292,Oreja de cerdo,Suculenta,,Cotyledon orbiculata ,Crassulaceae,Referencia,https://cibercactus.com/cotyledon-orbiculata/,,,Cultivada,Suráfrica,,
,293,Oreja de elefante,Suculenta,,Kalanchoe beharenis Drake,Crassulaceae,Referencia,https://mexico.inaturalist.org/taxa/320048-Kalanchoe-beharensis,,,Nativa,Madagascar,,
,294,Oreja de gato,Hierba,"Cinta
Suelda consuelda 
Amor de hombre",Tradescantia fluminensis,Commelinaceae,Referencia,https://nombrescomunes.jbb.gov.co/site/cientifico?q=Tradescantia+fluminensis,,,Nativa,Suramérica,,
,295,Orquídea de verrugas verdes,Orquídea,,Pleurotallis phalangifera,Orchidaceae,Referencia,https://colombia.inaturalist.org/taxa/140928-Brassia-verrucosa/browse_photos,,,Nativa,Andes,,
,296,Orquídea mariposa,Orquídea,,Phalaenopsis aphrodite,Orquidáceas,Referencia,https://www.shutterstock.com/es/image-photo/aphrodite-phalaenopsis-orchid-flower-head-2004629276,,,Cultivada,Asia,,
,297,Pagoda roja,Suculenta,,Crassula corymbulosa,Crassulaceae,Referencia,https://www.picturethisai.com/es/care/Crassula_corymbulosa.html,,,Nativa,Andes,,
,298,Pajarito,Arbusto,Crotalaria,Crotalaria agatiflora,Fabaceae,Referencia,https://colombia.inaturalist.org/taxa/337964-Crotalaria-agatiflora,,,Cultivada,África,,
,299,Palma abanico,Árbol - Bonsai,,Livistona rotundifolia,Areaceae,Referencia,https://www.infojardineria.es/livistona-rotundifolia-cuidados-riego-y-problemas-en-las-hojas/,,,Cultivada,Asia,,C5
,300,Palma boba,Arbusto,Helecho arbóreo,Cyathea caracasana,Cyatheacee,Referencia,https://sinchi.org.co/files/publicaciones/novedades%20editoriales/pdf/LR%20Helechos_13_07_2020_web.pdf,,,Nativa,Neotrópico,,
,301,Palma de cera,Árbol,,Ceroxylon quindiuense,Areaceae,Referencia,https://es.wikipedia.org/wiki/Ceroxylon_quindiuense,,,Nativa y amenazada,,,
,302,Palma de yuca,Árbol,Izote,Yucca elephantipes,,Referencia,https://colombia.inaturalist.org/taxa/290827-Yucca-elephantipes,,,Cultivada,"Andes, México, Guatemala",,
,303,Palo de San Diego,Arbusto,,Tabernaemontana citrifolia,Apocynaceae,Referencia,https://ecuador.inaturalist.org/taxa/291821-Tabernaemontana-citrifolia,,,Nativa,Colombia a Brasil,,
,304,Papa,Hierba,,Solanum tuberosum,Solanaceae,Referencia,https://www.biodiversidadvirtual.org/herbarium/Solanum-tuberosum-L.-img89707.html,,,Nativa,Perú. Cultivada en todo el mundo,,
,305,Papayuelo,Árbol,,Vasconcellea pubescens,Caricaceae,Referencia,https://colombia.inaturalist.org/taxa/508242-Vasconcellea-pubescens,,,Nativa,Panamá a Venezuela y Bolivia,,
,306,Papiro,Hierba,,Cyperus papyrus,Cyperaceae,Referencia,https://identify.plantnet.org/es/the-plant-list/species/Cyperus%20alternifolius%20L./data,,,Cultivada,África,,
,307,Papiro enano,Hierba,Paragüitas,Cyperus isocladus,Cyperaceae,Referencia,https://www.logees.com/dwarf-papyrus-cyperus-isocladus.html,,,Cultivada,África,,
,308,Paraseto,Arbusto,Aligustre,Ligustrum lucidum,Olaceae,Referencia,https://catalogofloravalleaburra.eia.edu.co/species/82,,,Cultivada,China,,
,309,Parmotrema,Liquen,,Parmotrema reticulatum,Parmeliaceae,Referencia,https://colombia.inaturalist.org/taxa/117892-Parmotrema-reticulatum,,,Nativa,Cosmopolita,,
,310,Pasto oloroso,Hierba,Alpistillo,Anthoxanthum odoratum,Poaceae,Referencia,https://colombia.inaturalist.org/taxa/75475-Anthoxanthum-odoratum,,,Adventicia,Cosmopolita,,
,311,Paula,Orquídea,,Phalaenopsis Polka Dots,Orchidaceae,Referencia,https://help.thecolvinco.com/hc/es/articles/4414761790738-Paula-Orquídea-Phalaenopsis-Polka-Dots,,,Cultivada,Asia SE,,
,312,Pegamosco,Arbusto,,Bejaria resinosa,Ericaceae,Referencia,https://colombia.inaturalist.org/taxa/531682-Bejaria-resinosa,,,Nativa,"Venezuela, Colombia, Ecuador",,
,313,Pensamiento,Hierba,,Viola tricolor,Violaceae,Referencia,https://www.hogarmania.com/jardineria/fichas/plantas/pensamiento-viola-wittrockiana-11570.html,,,Naturalizada y adventicia,Europa y Asia menor,,
,314,Pentas ,Hierba,,Pentas lanceolatas,Rubiaceae,Referencia,https://colombia.inaturalist.org/taxa/68317-Pentas-lanceolata,,,Cultivada,África,,
,315,Peperomia,Suculenta,,Peperomia obtusifolia,Piperaceae,Referencia,https://es.wikipedia.org/wiki/Peperomia_obtusifolia,,,Nativa,México a Boivia y Brasil,,
,316,Pepino,"Hierba, trepadora",,Cyclanthera pedata,Cucurbitaceae,Referencia,https://colombia.inaturalist.org/taxa/157053-Cyclanthera-pedata,,,Nativa,Suramérica,,
,317,Peral,Arbusto,,Pyrus communis,Rosaceae,Referencia,https://colombia.inaturalist.org/taxa/63951-Pyrus-communis,,,Cultivada,Cosmopolita,,
,318,Perejil,Hierba,,Petroselinum criispum,Apiaceae,Referencia,https://colombia.inaturalist.org/taxa/78465-Petroselinum-crispum,,,Cultivada,Europa,,
,319,Perilla,Hierba,"Shiso, albahaca japonesa",Perilla frutescens var. crispa,Lamiaceae,Referencia,https://es.wikipedia.org/wiki/Archivo:Red_Shiso_-_Perilla_frutescens_var._crispa_f._purpurea.jpg,,,Cultivada,Asia  ,,
,320,Petrantus,Hierba,Plectantrus,Plectranthus ´Mona Lavender´,Lamiaceae,Referencia,https://paisajismoyjardin.com/item.aspx?id=102439-plectranthus--´mona-lavender´,,,Cultivada,"África, Asia",,
,321,Pichón  ,Hierba,Ala de ángel,Begonia x benariensis,Begoniaceae,Referencia,https://www.benary.com/products/begonia-x-benariensis-f1-big-deluxxe,,,Nativa,Suramérica,,
,322,Pichón rojo,Arbusto,"Begonia
Bic",Begonia cucullata Willd.,,Referencia,https://www.jardineriaon.com/begonia-semperflorens.html,,,Nativa,Neotropical,,
,323,Pino candelabro,Árbol,Pino pátula,Pinus patula,Pinaceae,Referencia,https://colombia.inaturalist.org/taxa/273784-Pinus-patula,,,Cultivada,México,,
,324,Pino libro,Árbol,,Thuja occidentalis,Cupressaceae,Referencia,https://catalogofloravalleaburra.eia.edu.co/species/302,,,Cultivada,Norteamérica,,"C1
Cab"
,325,Pino romerón,Árbol,,Retrophyllum rospigliosii,Podocarpaceae,Referencia,https://nombrescomunes.jbb.gov.co/site/combinacion?q=1761,,,Nativa,Venezuela a Bolivia,,JS
,326,Pino vela,Árbol,Ciprés mediterráneo,Cupressus sempervirens,Cupressaceae,Referencia,https://catalogofloravalleaburra.eia.edu.co/species/301,,,Cultivada,Mediterráneo,,E2
,327,Pita,Hierba,"Penca
Magüey amarillo",Agave americana 'variegata',Asparagaceae,Referencia,https://guiadejardin.com/agave-americana-variegata/,,,Cultivada,México,,
,328,Pitcairnia,Hierba,,Pitcairnia sanguinea,Pitcairnia,Referencia,https://colombia.inaturalist.org/taxa/426432-Pitcairnia-sanguinea,,,Endémica,"Colombia, Macarena, Guyana",,
,329,Platero,Arbusto,,Gaiadendron punctatum,Loranthaceae,Referencia,https://ecuador.inaturalist.org/taxa/496333-Gaiadendron-punctatum,,,Nativa,"Andes, SN Santa Marta",,
,330,Pleurotalis,Orquídea,,Pleurothallis quadrifida,Orchidaceae,Referencia,http://marniturkel.com/Pages/orchids/o.articles/drch_uncatum.html,,,Nativa,México a Venezuela. Caribe. ,,
,331,Plumero,Hierba,Pasto morado de la Pampa,Cortaderia jubata,Poaceae,Referencia,https://colombia.inaturalist.org/taxa/52714-Cortaderia-jubata,,,Nativa,Colombia a Argentina,,S1
,332,Polígala,Arbusto,,Polygala myrtifolia  ,Polygalaceae,Referencia,https://identify.plantnet.org/es/weurope/species/Polygala%20myrtifolia%20L./dataa,,,Cultivada,"Europa, Asia",,
,333,Pomarroso,Arbolito,"Metrosideros
Eucalipto pomarroso",Metrosideros excelsa Gaertn.,Myrtaceae,Referencia,https://colombia.inaturalist.org/taxa/122905-Metrosideros-excelsa,,,Cultivada,Nueva Zalanda,,C5
,334,Quiche,Epífita,Bromelia,Tillandsia complanata Benth.,Bromeliaceae,Referencia,https://www.inaturalist.org/guide_taxa/1620829,,,Nativa,América tropical,,
,335,Quicuyo,Hierba,Kikuyo,Cenchrus clandestinus,Poaceae,Referencia,https://www.gbif.org/es/species/5828201,,,Naturalizada y adventicia,Cosmopolita,,
,336,Rábano,Hierba,,Raphanus sativus,Brassicaceae,Referencia,https://colombia.inaturalist.org/taxa/55410-Raphanus-sativus,,,Cultivada,Eurasia,,
,337,Rabo de gato,Hierba,,Cenchrus setaceus,Poaceae,Referencia,https://colombia.inaturalist.org/taxa/430581-Cenchrus-setaceus,,,Cultivada y naturalizada,N África a Afganistán,,
,338,Ramo de novia,Arbusto,"Rayito de luz 
Chorrito de luz",Ledenbergia peruviana,Petiveriaceae,Referencia,https://panama.inaturalist.org/taxa/733558-Ledenbergia-seguierioides,,,Cultivada,Ecuador a Perú,,
,339,Raque,Arbusto,,Vallea stipularis,Elaeocarpaceae,Referencia,https://spain.inaturalist.org/taxa/465262-Vallea-stipularis,,,Nativa,"Andes, SN. Santa Marta",,
,340,Repollo,,Tallos,Brassica olareacea,Brassicaceae,Referencia,https://nombrescomunes.jbb.gov.co/site/combinacion?q=1840,,,Cultivada,Europa,,
,341,Retamo espinoso,"Hierba, arbusto",,Ulex europaeus L,Fabaceae,Referencia,https://www.car.gov.co/uploads/files/60649ed3629bc.pdf,,,Naturalizada e invasora,Europa,,S4
,342,Retamo liso,"Hierba, arbusto",Retamilla,Genista monspessulana,Fabaceae,Referencia,https://www.car.gov.co/uploads/files/60649ed3629bc.pdf,,,Naturalizada,Mediterráneo,,
,343,Roble andino,Árbol,Roble de tierra fría,Quercus humboldtii Bonpl.,Fagaceae,Referencia,https://colombia.inaturalist.org/taxa/133176-Quercus-humboldtii,,,Nativa y amenazada,Colombia a Panamá,,
,344,Rodamonte,"Arbusto, arbolito",Pagoda,Escallonia myrtilloides,Erythroxylaceae,Referencia,https://identify.plantnet.org/es/the-plant-list/species/Escallonia%20myrtilloides%20L.f./data,,,Nativa,"Andes, SN. Santa Marta",,
,345,Romero,Hierba,,Salvia rosmarinus,Lamiaceae,Referencia,https://colombia.inaturalist.org/taxa/636795-Salvia-rosmarinus,,,Cultivada,Mediterráneo,,
,346,Romero falso,Hierba,"Westringia
Romero australiano",Westringia fruticosa,Lamiaceae,Referencia,https://www.picturethisai.com/es/wiki/Westringia_fruticosa.html,,,Cultivada,Australia,,
,347,Rosa ballerina,Arbusto,,Rosa sp-,Rosaceae,Referencia,https://eu.davidaustinroses.com/products/ballerina,,,Cultivada,Cosmopolita,,
,348,Rosa china,Arbusto,Rosa de Castilla,Rosa chinesis,Rosaceae,Referencia,https://www.picturethisai.com/es/wiki/Rosa_chinensis.html,,,Cultivada,Cosmopolita,,
,349,Rosa de té,Arbusto,,Rosa odorata,Rosaceae,Referencia,https://cosasderosas.com/hibrido-te/,,,Cultivada,Cosmopolita,,
,350,Rosa Laure Davoust,Arbusto,,Rosa sp-,Rosaceae,Referencia,https://garden.org/plants/photo/158262/,,,Cultivada,Cosmopolita,,
,351,Rosa madreselva,Arbusto,,Rosa multiflora,Rosaceae,Referencia,https://mrussellphotography.photoshelter.com/image/I0000pZvmY3zJP4Y,,,Cultivada,Cosmopolita,,
,352,Rosa maneti,Arbusto,,Rosa manettii,Rosaceae,Referencia,http://diasderosas.blogspot.com/2010/06/rosa-manettii.html,,,Cultivada,Cosmopolita,,
,353,Rosa negra,Suculenta,Aenomium negro,"Aeonium arboreum ""Zwartkop""",Crassulaceae,Referencia,https://clubsuculentas.com/crassulaceae/aeonium/aeonium-arboreum-zwartkop/,,,Cultivada,Islas canarias,,
,354,Rosa sevillana,Arbusto,,Rosa sp-,Rosaceae,Referencia,https://www.lasrosasdeelisa.com.ar/productos/la-sevillana/,,,Cultivada,Cosmopolita,,
,355,Rosetón,Suculenta,,Echeveria sp.,Crassulaceae,Referencia,https://es.wikipedia.org/wiki/Echeveria_elegans,,,Cultivada,Cosmopolita,,
,356,Rosetón,Suculenta,,Echeveria elegans,Crassulaceae,Referencia,https://es.wikipedia.org/wiki/Aeonium_undulatum,,,Cultivada,Islas Canarias,,
,357,Ruache,Árbol,"Arrayán umate
Cerezo montañero",Prunus buxifolia,Rosaceae,Referencia,https://colombia.inaturalist.org/taxa/547401-Prunus-buxifolia,,,Endémica,Colombia - Andes,,
,358,Ruda,"Hierba, arbusto",,Ruta graveloens,Rubiaceae,Referencia,https://colombia.inaturalist.org/taxa/147294-Ruta-graveolens,,,Cultivada,S Europa,,
,359,Rúgula,,,Eruca versicalia,Brassicaceae,Referencia,https://colombia.inaturalist.org/taxa/77058-Eruca-vesicaria,,,Naturalizada,Mediterráneo,,
,360,Sábila,Arbusto,,Aloe arborescens,Xanthorrhoeaceae,Referencia,https://colombia.inaturalist.org/taxa/81518-Aloe-arborescens,,,Cultivada,Suráfrica,,
,361,Salvia,Arbusto,,Salvia leucantha,Lamiaceae,Referencia,https://identify.plantnet.org/es/the-plant-list/species/Salvia%20leucantha%20Cav./data,,,Cultivada,México y Centroamérica,,
,362,Salvio blanco,"Arbusto, árbol",Gallinazo,Lippia hirsuta,Verbenaceae,Referencia,https://colombia.inaturalist.org/taxa/541851-Lippia-hirsuta,,,Nativa,"Colombia, Venezuela, Ecuador",,
,363,Sangregao (denticulado),Árbol,,Croton sp. 2,Euphorbiaceae,Referencia,https://colombia.inaturalist.org/observations/227583729,,,Nativa,"Andes, pacífico",,
,364,Sangregao (trilobulado),Árbol,,Croton sp. 1,Euphorbiaceae,Referencia,https://www.gbif.org/es/species/3060181,,,Nativa,México a Guyana,,
,365,Sangregao      (velloso),Árbol,,Croton sp. 3,Euphorbiaceae,Referencia,https://www.gbif.org/es/occurrence/1453506102,,,Nativa,Colombia a Ecuador,,
,366,Sanguinaria,Hierba,,Cheilanthes notholaenoides,Pteridaceae,Referencia,https://colombia.inaturalist.org/taxa/160475-Cheilanthes-notholaenoides,,,Nativa,Estados Unidos a Argentina,,
,367,Sauce,Árbol,,Salix humboldtiana Willd.,Salicaceae,Referencia,https://nombrescomunes.jbb.gov.co/site/cientifico?q=Salix+humboldtiana,,,Nativa,México a Suramérica,,
,368,Sauco,"Arbusto, arbolito",,Sambucus nigra,Adoxaceae,Referencia,https://catalogofloravalleaburra.eia.edu.co/species/262,,,Nativa,Canadá a Argentina,,
,369,Sedeveria,Suculenta,Cola de burro,Sedeveria harry butterfield,Crassulaceae,Referencia,https://www.cotswoldgardenflowers.co.uk/encyclopedia/x-sedeveria-harry-butterfield/,,,Cultivada,Estados Unidos,,
,370,Siemprevivas,Suculenta,,Sedum palmeri,Crassulaceae,Referencia,https://en.wikipedia.org/wiki/Sedum_palmeri,,,Cultivada,México,,
,371,Sietecueros tibuchina,Arbusto,,Pleroma heteromallum,Mélastomatacées,Referencia,https://es.pinterest.com/pin/478085316683912383/,,,Nativa,Andes,,
,372,Sietecueros blanco,Arbusto,,Tibouchina lepidota var. Alba,Melastomataceae,Referencia,https://www.rarepalmseeds.com/tibouchina-lepidota-alba,,,Nativa,Venezuela a Perú,,
,373,Sietecueros lengua de vaca,Arbusto,,Pleroma semidecandrum,Melastomataceae,Referencia,https://colombia.inaturalist.org/taxa/1121127-Pleroma-semidecandrum,,,Cultivada,Brasil,,
,374,Sietecueros nativo,"Arbusto, arbolito",,Tibouchina lepidota,Melastomataceae,Referencia,https://catalogofloravalleaburra.eia.edu.co/species/65,,,Nativa,Venezuela a Perú,,
,375,Sietecueros nazareno,Arbusto,,Tibouchina urvilleana,Melastomataceae,Referencia,https://ecuador.inaturalist.org/taxa/1263850-Pleroma-urvilleanum,,,Cultivada,Brasil,,
,376,Sietecueros rastrero,"Hierba, enredadera",Sanjuanito,Centradenia inaequilateralis,Melastomataceae,Referencia,https://identify.plantnet.org/es/k-world-flora/observations/1021851529,,,Cultivada,México y centroamérica,,
,377,Singonio,Hierba,Chapiso,Singonium podophyllum,Araceae,Referencia,https://ecuador.inaturalist.org/taxa/143208-Syngonium-podophyllum,,,Nativa,México a Bolivia,,
,378,Spodiopogon,Hierba,,Spodiopogon sibiricus,Poaceae,Referencia,https://colombia.inaturalist.org/taxa/602024-Spodiopogon-sibiricus,,,Adventicia,Asia,,
,379,Stelis,"Hierba, epífita",,Stelis imraei,Orchidaceae,Referencia,https://plantidtools.fieldmuseum.org/es/nlp/catalogue/4383040,,,Nativa,América tropical,,
,380,Stipa,Hierba,,Nassella tenuissima,Poaceae,Referencia,https://colombia.inaturalist.org/taxa/165660-Nassella-tenuissima,,,Cultivada,Argentina y Chile,,
,381,Susanita,Trepadora,"Ojo de pajarito
Ojo de poeta",Thunbergia alata,Acanthaceae,Referencia,https://www.car.gov.co/uploads/files/60635f0d5b20b.pdf,,,Naturalizada e invasora,África,,
,382,Tabaco,Subarbusto,San Pedrito,Nicotiana rustica,Solanaceae,Referencia,https://colombia.inaturalist.org/taxa/165707-Nicotiana-rustica,,,Nativa,"Colombia a Perú; Canadá, E.E.U.U.",,
,383,Tallos,Hierba,Col silvestre,Brassica oleracea var.,Brassicaceae,Referencia,https://agrosemval.com/producto/col-tallos-georgia/,,,Cultivada,Europa,,
,384,Telochistes,Liquen,,Teloschistes flavicans,Teloschistaceae,Referencia,https://colombia.inaturalist.org/taxa/57807-Teloschistes-flavicans,,,Nativa,Subcosmopolita,,
,385,Tíbar blanco,"Árbol, arbolito","Chilco colorado
Jarillo",Escallonia paniculata,Escalloniaceae,Referencia,https://www.reddearboles.org/ficha-tecnica/nwcproduct/813/arbol-nativo-tibar,,,Nativa,"Andes, S.N. Santa Marta",,
,386,Tilo,Arbusto,Algodón extranjero,Sparrmannia africana,Malvaceae,Referencia,https://colombia.inaturalist.org/taxa/431637-Sparrmannia-africana/browse_photos,,,Cultivada,Suráfrica,,
,387,Tobira,Arbusto,Clavo verde asiático,Pittosporum tobira,Pittosporaceae,Referencia,https://colombia.inaturalist.org/taxa/78592-Pittosporum-tobira,,,Cultivada,Asia,,
,388,Tomate cimarrón,"Hierba, trepadora",,Solanum lycopersicum ,Solanaceae,Referencia,https://colombia.inaturalist.org/taxa/51737-Solanum-lycopersicum,,,Cultivada,"Ecuador, Perú, México",,
,389,Tomate de árbol,"Arbusto, arbolito",,Solanum betaceum,Solanaceae,Referencia,https://colombia.inaturalist.org/taxa/280909-Solanum-betaceum,,,Cultivada,Bolivia y Argentina,,
,390,Tominejero,"Arbusto, arbolito",,Palicourea lineariflora,Rubiaceae,Referencia,https://colombia.inaturalist.org/taxa/336450-Palicourea-lineariflora,,,Endémica,"Amazonia, Andes, Orinoquia",,
,391,Toronjil,"Hierba, aromática",,Melissa officinalis,Lamiaceae,Referencia,https://identify.plantnet.org/es/the-plant-list/species/Melissa%20officinalis%20L./data,,,Cultivada,Europa,,
,392,Trompeto,Arbolito,,Bocconia sp.,Papaveraceae,Referencia,https://catalogofloravalleaburra.eia.edu.co/species/84,,,Nativa,"Andes, SN Santa Marta",,
,393,Tronco de Brasil,Arbusto,,Dracaena reflexa,Asparagaceae,Referencia,https://colombia.inaturalist.org/taxa/126515-Dracaena-fragrans,,,Cultivada,África,,
,394,Tuno esmeraldo,"Hierba, arbusto, arbolito, árbol",,Miconia squamulosa,Melastomataceae,Referencia,https://colombia.inaturalist.org/taxa/484775-Miconia-squamulosa,,,,Andes ,,
,395,Uchuva,"Hierba, subarbusto",Uchua,Physalis peruviana,Solanaceae,Referencia,https://nombrescomunes.jbb.gov.co/site/cientifico?q=physalis+,,,Nativa y cultivada,"Andes, SN Santa Marta",,
,396,Urapán,Árbol,,Fraxinus uhdei,Oleaceae,Referencia,https://colombia.inaturalist.org/taxa/134212-Fraxinus-uhdei,,,Cultivada,Estados Unidos a Honduras,,
,397,Uva camarona,"Arbusto, trepadora, epífita",,Macleania rupestris,Ericaceae,Referencia,https://colombia.inaturalist.org/taxa/465065-Macleania-rupestris,,,Nativa,"Andes, SN Santa Marta",,
,398,Uva de anís,"Arbusto, epífita",Limoncillo,Cavendishia bracteata,Ericaceae,Referencia,https://ecuador.inaturalist.org/taxa/291293-Cavendishia-bracteata,,,Nativa,"Andes, SN Santa Marta",,
,399,Verbena arbustiva,"Hierba, subarbusto, arbusto",,Stachytarpheta cayennensis,Verbenaceae,Referencia,https://colombia.inaturalist.org/taxa/126569-Stachytarpheta-cayennensis,,,Nativa,México a Argentina,,
,400,Verbena de altura,"Hierba, subarbusto, arbusto",,Verbena brasiliensis,Verbenaceae,Referencia,https://colombia.inaturalist.org/taxa/79487-Verbena-bonariensis,,,Nativa,México a Argentina,,
,401,Villanova,Hierba,,Villanova oppositifolia,Asteraceae,Referencia,https://colombia.inaturalist.org/taxa/548164-Villanova-oppositifolia,,,Adventicia,Perú y Bolivia,,
,402,Vinca,"Hierba, trepadora, liana",Hierba doncella mediterránea,Vinca major,Apocynaceae,Referencia,https://colombia.inaturalist.org/taxa/53326-Vinca-major,,,Cultivada,"Europa, África",,E1
,403,Viola,Hierba,,Viola arvensis,Violaceae,Referencia,https://colombia.inaturalist.org/taxa/55760-Viola-arvensis,,,Naturalizada y adventicia,Europa,,
,404,Violeta,Hierba,Mastranto,Viola odorata,Violaceae,Referencia,https://nombrescomunes.jbb.gov.co/site/cientifico?q=viola,,,Cultivada,S de Europa y Asia,,"C1
C4"
,405,Vira-vira,Hierba,Cenizo,Achyrocline bogotensis,Asteraceae,Referencia,https://es.wikipedia.org/wiki/Achyrocline_bogotensis#Descripción,,,Nativa,N Andes,,
,406,Virginia,"Hierba, trepadora","Pandorea
Bejuco australiano",Pandorea jasminoides,Bignoniaceae,Referencia,https://ecuador.inaturalist.org/taxa/346424-Pandorea-jasminoides,,,Cultivada,Australia y Malasia,,
,407,Yarumo blanco,Árbol,Guarumo,Cecropia sp. ,Urticaceae,Referencia,https://catalogofloravalleaburra.eia.edu.co/species/253,,,Nativa,Venezuela a Perú,,C2
,408,Yarumo negro,Árbol,Guarumo,Cecropia sp. ,Urticaceae,Referencia,https://colombia.inaturalist.org/taxa/284771-Cecropia-angustifolia/browse_photos,,,Nativa,S México a N Suramérica,,C5
,409,Zanahoria,Hierba,,Daucus carota,Apiaceae,Referencia,https://colombia.inaturalist.org/taxa/76610-Daucus-carota,,,Cultivada,"Mediterraneo, SO Asia",,
,410,Zarcilla,Trepadora,Bomarea,Bomarea edulis,Alstroemeriaceae,Referencia,https://colombia.inaturalist.org/taxa/71433-Alstroemeriaceae,,,Nativa,México a Argentina,,
,411,Zarzamora,Arbusto,,Rubus bogotensis,Rosaceae,Referencia,https://ecuador.inaturalist.org/taxa/327840-Rubus-bogotensis,,,Nativa,Venezuela a Bolivia,,
,412,Zinia,Hierba,Mal de ojo,Zinnia elegans,Asteraceae,Referencia,https://colombia.inaturalist.org/taxa/181901-Zinnia-elegans,,,Cultivada,México  ,,S1